Gene	Entries
IL17RA	set(['CDKN2A(D)'])
HSPA6	set(['PTEN'])
ZCCHC14	set(['CDKN2A(D)'])
ABP1	set(['QKI(D),UTRN(D),ARID1B,TMEM242,ZDHHC14(D),PLG(D),RPS6KA2(D),SYNE1(D),PARK2(D)', 'MDM4(A)', 'CDK4(A)'])
AFF2	set(['PDGFRA(A)', 'MDM4(A)', 'CDK4(A)'])
SBF1	set(['CDK4(A)'])
FRYL	set(['CDKN2A(D)', 'RB1(D)'])
L1CAM	set(['PTEN(D)'])
ODZ3	set(['QKI(D),UTRN(D),ARID1B,TMEM242,ZDHHC14(D),PLG(D),RPS6KA2(D),SYNE1(D),PARK2(D)', 'MDM4(A)'])
SYNE2	set(['MDM2(A)', 'PTEN', 'MIR3201(D),FAM19A5(D),LOC339685(D)', 'CDK4(A)', 'DIP2C,C10orf108,LARP4B,GTPBP4,IDI2,IDI2-AS1,IDI1,WDR37,LINC00200,ADARB2,ADARB2-AS1,LOC282980,LOC399708(D)'])
DUSP27	set(['EGFR'])
CACNA1H	set(['PTEN', 'CDKN2A(D)', 'PTEN(D)'])
DLG5	set(['MDM4(A)', 'PDGFRA(A)'])
USH2A	set(['FRMPD4(D)', 'NF1,RAB11FIP4(D)'])
C12orf51	set(['CDKN2A(D)'])
EML2	set(['MDM4(A)'])
PIK3CA	set(['SOX2-OT(A),PIK3CA(A)', 'MDM2(A)', 'INPP5A,NKX6-2,TTC40,LOC399829,GPR123,KNDC1,UTF1,VENTX,MIR202,ADAM8,TUBGCP2,ZNF511,CALY,PRAP1,C10orf125,ECHS1,MIR3944,PAOX,MTG1(D),PAOX(D)', 'PTEN', 'RB1(D)', 'FRMPD4(D)'])
DEAF1	set(['EGFR(A)'])
BCLAF1	set(['PTEN'])
CACNA1F	set(['CDKN2A(D)'])
PIK3CG	set(['QKI(D),UTRN(D),ARID1B,TMEM242,ZDHHC14(D),PLG(D),RPS6KA2(D),SYNE1(D),PARK2(D)', 'CDKN2A(D)', 'EGFR(A)'])
SEMG1	set(['QKI(D),UTRN(D),ARID1B,TMEM242,ZDHHC14(D),PLG(D),RPS6KA2(D),SYNE1(D),PARK2(D)', 'TP53(D)', 'CDKN2A(D)', 'FAF1(D)'])
SKIV2L	set(['PTEN', 'CDKN2A(D)', 'EGFR(A)'])
ESPL1	set(['CDKN2A(D)', 'RB1(D)', 'PTEN(D)', 'CDK4(A)'])
GRM8	set(['CDKN2A(D)'])
NELL2(A)	set(['CDKN2A(D)'])
SLITRK6	set(['CDKN2A(D)'])
ZMYM3	set(['MDM4(A)', 'MIR3201(D),FAM19A5(D),LOC339685(D)', 'EGFR(A)', 'PTEN(D)'])
SLITRK2	set(['CDK4(A)', 'PTEN(D)'])
CASZ1	set(['CDKN2A(D)', 'EGFR(A)'])
LRP1B(D)	set(['PDGFRA(A)', 'FRMPD4(D)', 'MIR3201(D),FAM19A5(D),LOC339685(D)', 'NF1', 'CACNA1S', 'HEATR7B2'])
SP1	set(['PDGFRA(A)', 'PTEN(D)', 'CDKN2A(D)', 'CDK4(A)', 'EGFR(A)'])
IDH1	set(['AKAP6,NPAS3(D),NPAS3(D)', 'OBSCN', 'MDM2(A)', 'PTEN(D)', 'MDM4(A)', 'SPTA1', 'CDKN2A(D)', 'EGFR(A)'])
KCNH5	set(['PTEN(D)'])
ZNF208	set(['CDK4(A)', 'MDM4(A)'])
PAPPA	set(['PTEN'])
ARID2(D)	set(['LRP2', 'EGFR', 'FAF1(D)', 'AKAP6,NPAS3(D),NPAS3(D)', 'CDKN2A(D)', 'PCLO', 'RB1', 'EGFR(A)', 'HYDIN'])
LRP1	set(['MDM4(A)'])
PIK3C2G	set(['PDGFRA(A)'])
GMIP	set(['EGFR(A)'])
SETD2	set(['CDK4(A)', 'MDM4(A)'])
RASGRF1	set(['PTEN(D)'])
ZAN	set(['CDKN2A(D)', 'MDM4(A)'])
INPP5D	set(['QKI(D),UTRN(D),ARID1B,TMEM242,ZDHHC14(D),PLG(D),RPS6KA2(D),SYNE1(D),PARK2(D)'])
ADCY1	set(['QKI(D),UTRN(D),ARID1B,TMEM242,ZDHHC14(D),PLG(D),RPS6KA2(D),SYNE1(D),PARK2(D)', 'CDKN2A(D)', 'EGFR(A)'])
HCN1	set(['RB1(D)', 'PTEN(D)'])
PTPN11	set(['QKI(D),UTRN(D),ARID1B,TMEM242,ZDHHC14(D),PLG(D),RPS6KA2(D),SYNE1(D),PARK2(D)', 'RB1(D)', 'MDM4(A)', 'CDK4(A)'])
MDM2(A)	set(['RPL5,FAM69A,SNORA66(D)', 'EGFR', 'TCHH', 'ADAMTS16', 'FLG', 'HYDIN', 'FLG2', 'FAT2', 'PIK3CA', 'CDKN2A(D)', 'PCLO', 'PIK3R1', 'LRRIQ1', 'TP53(D)', 'MICALCL', 'IDH1', 'FAF1(D)', 'AKAP6,NPAS3(D),NPAS3(D)', 'SYNE1', 'SYNE2', 'LRP2', 'TP53', 'PTEN', 'CNTNAP2', 'FRMPD4(D)', 'HEATR7B2'])
MYLK	set(['QKI(D),UTRN(D),ARID1B,TMEM242,ZDHHC14(D),PLG(D),RPS6KA2(D),SYNE1(D),PARK2(D)'])
KCNN2	set(['PTEN', 'PDGFRA(A)'])
SAMD9	set(['PDGFRA(A)'])
SPEN	set(['QKI(D),UTRN(D),ARID1B,TMEM242,ZDHHC14(D),PLG(D),RPS6KA2(D),SYNE1(D),PARK2(D)', 'CDKN2A(D)'])
PTEN	set(['HSPA6', 'DIP2C,C10orf108,LARP4B,GTPBP4,IDI2,IDI2-AS1,IDI1,WDR37,LINC00200,ADARB2,ADARB2-AS1,LOC282980,LOC399708(D)', 'PRPF6', 'CACNA1H', 'PKD1L1', 'PKD1L2', 'CNGB1', 'PIK3CA', 'ARHGEF2', 'BCLAF1', 'PLXND1', 'KDM2B', 'MICALCL', 'KIAA1244', 'PAPPA', 'KCNN2', 'ATP2B3', 'CALN1', 'MDM2(A)', 'ATP8B4', 'DCHS1', 'CCDC60', 'DOCK1', 'MYO18B', 'PLCB3', 'DPPA4', 'ZNF599', 'SHPRH', 'CABIN1', 'PREX1', 'PCDHB3', 'SKIV2L', 'PVRL4', 'PIK3R1', 'TRPM3', 'EPHB2', 'TRRAP', 'HMCN1', 'SPAM1', 'DNAH1', 'ABCG4', 'DNAH8', 'HNF4A', 'PDE6B', 'WDFY3', 'HECW1', 'MYH11', 'PTEN(D)', 'CACNA1E', 'EGFR(A)', 'ZNF536', 'CIITA', 'MIR3201(D),FAM19A5(D),LOC339685(D)', 'UGGT1', 'LAMA1', 'LAMA2', 'MACF1', 'ACACB', 'SLC13A3', 'KIDINS220', 'PTCHD2', 'SYNE2', 'ADAM29', 'KIF1B', 'ABCA4', 'PITPNM1', 'TMTC1', 'PDPN,PRDM2(A)', 'KIF21B', 'KCNC2', 'KIAA0649', 'NLRP11', 'RB1CC1', 'SPTBN4', 'ARAP3', 'GRHL3', 'KIF4A', 'LRP1B', 'PTPRD', 'SLIT3', 'DISP1', 'SIPA1L2', 'POTEB', 'NLGN4X', 'TMPRSS6', 'PCDHA8', 'NOTCH2', 'SPHKAP', 'HEATR7B2', 'COL6A6'])
POM121L12	set(['QKI(D),UTRN(D),ARID1B,TMEM242,ZDHHC14(D),PLG(D),RPS6KA2(D),SYNE1(D),PARK2(D)'])
BCOR	set(['CDKN2A(D)', 'CDK4(A)'])
GPR116	set(['QKI(D),UTRN(D),ARID1B,TMEM242,ZDHHC14(D),PLG(D),RPS6KA2(D),SYNE1(D),PARK2(D)', 'CDKN2A(D)', 'RB1(D)'])
GPR112	set(['QKI(D),UTRN(D),ARID1B,TMEM242,ZDHHC14(D),PLG(D),RPS6KA2(D),SYNE1(D),PARK2(D)', 'CDK4(A)'])
EPHB2	set(['PTEN'])
DOCK8	set(['QKI(D),UTRN(D),ARID1B,TMEM242,ZDHHC14(D),PLG(D),RPS6KA2(D),SYNE1(D),PARK2(D)'])
UBASH3A	set(['CDK4(A)', 'QKI(D),UTRN(D),ARID1B,TMEM242,ZDHHC14(D),PLG(D),RPS6KA2(D),SYNE1(D),PARK2(D)', 'MDM4(A)', 'PTEN(D)'])
DMD	set(['SOX2-OT(A),PIK3CA(A)'])
RPL5,FAM69A,SNORA66(D)	set(['DNAH3', 'TP53', 'MDM2(A)', 'DIP2C,C10orf108,LARP4B,GTPBP4,IDI2,IDI2-AS1,IDI1,WDR37,LINC00200,ADARB2,ADARB2-AS1,LOC282980,LOC399708(D)', 'CDK4(A)', 'TP53(D)', 'HYDIN'])
RRP1B	set(['CDK4(A)'])
DOCK1	set(['PTEN', 'CDKN2A(D)', 'RB1(D)', 'EGFR(A)'])
DNAH11	set(['INPP5A,NKX6-2,TTC40,LOC399829,GPR123,KNDC1,UTF1,VENTX,MIR202,ADAM8,TUBGCP2,ZNF511,CALY,PRAP1,C10orf125,ECHS1,MIR3944,PAOX,MTG1(D),PAOX(D)', 'RB1(D)', 'FAF1(D)'])
PLCB2	set(['CDK4(A)'])
ANO2	set(['CDKN2A(D)'])
DOCK5	set(['TP53(D)', 'CDK4(A)', 'FAF1(D)'])
MLL3	set(['MDM4(A)'])
MLL2	set(['QKI(D),UTRN(D),ARID1B,TMEM242,ZDHHC14(D),PLG(D),RPS6KA2(D),SYNE1(D),PARK2(D)'])
MYO18B	set(['PTEN', 'EGFR(A)'])
EPHB1	set(['PDGFRA(A)'])
CC2D1A	set(['MDM4(A)', 'EGFR(A)'])
ARHGAP9	set(['EGFR'])
MLL4	set(['RB1(D)', 'MDM4(A)', 'FAF1(D)'])
CHL1	set(['RB1(D)', 'CDK4(A)', 'PDGFRA(A)'])
C12orf35	set(['QKI(D),UTRN(D),ARID1B,TMEM242,ZDHHC14(D),PLG(D),RPS6KA2(D),SYNE1(D),PARK2(D)', 'CDKN2A(D)', 'EGFR(A)'])
SPAG17	set(['RB1(D)', 'MDM4(A)'])
ASPM	set(['CDKN2A(D)', 'EGFR(A)'])
PKHD1L1	set(['EGFR(A)'])
APOB	set(['RB1(D)', 'FAF1(D)'])
PCDHB3	set(['PTEN'])
AHNAK	set(['RB1(D)', 'CDK4(A)', 'EGFR(A)'])
MST1	set(['MDM4(A)', 'PDGFRA(A)'])
SPTA1	set(['FRMPD4(D)', 'IDH1', 'INPP5A,NKX6-2,TTC40,LOC399829,GPR123,KNDC1,UTF1,VENTX,MIR202,ADAM8,TUBGCP2,ZNF511,CALY,PRAP1,C10orf125,ECHS1,MIR3944,PAOX,MTG1(D),PAOX(D)', 'FAF1(D)', 'CDKN2A(D)', 'MET,CAPZA2,ST7-AS1,ST7,ST7-OT4(A)'])
XDH	set(['QKI(D),UTRN(D),ARID1B,TMEM242,ZDHHC14(D),PLG(D),RPS6KA2(D),SYNE1(D),PARK2(D)'])
EPPK1	set(['MDM4(A)', 'FAF1(D)'])
PCLO	set(['ARID2(D)', 'MDM2(A)', 'MIR3201(D),FAM19A5(D),LOC339685(D)', 'PDPN,PRDM2(A)', 'TP53(D)'])
NF1	set(['LINC00290(D)', 'LRP1B(D)', 'FRMPD4(D)', 'MDM4(A)', 'CDK4(A)', 'SOX2-OT(A),PIK3CA(A)', 'EGFR(A)'])
TP53(D)	set(['LRP2', 'DNAH3', 'ZBTB20(D),LSAMP(D)', 'RPL5,FAM69A,SNORA66(D)', 'SLBP,TMEM129,TACC3,FGFR3,LETM1,WHSC1,SCARNA22(A)', 'MDM2(A)', 'EGFR', 'FLG2', 'DOCK5', 'SEMG1', 'TCHH', 'MXRA5', 'SDCCAG8,MIR4677,AKT3,LOC339529,ZNF238,C1orf100,ADSS(A)', 'TMEM132D', 'PCLO', 'HMCN1', 'TAF1L', 'ADAM29', 'EGFR(A)', 'RIMS2', 'MIR3201(D),FAM19A5(D),LOC339685(D)'])
KIF2B	set(['RB1(D)', 'PDGFRA(A)'])
TRPM2	set(['PDGFRA(A)'])
TRPM3	set(['PTEN'])
MYCNOS,MYCN(A)	set(['QKI(D),UTRN(D),ARID1B,TMEM242,ZDHHC14(D),PLG(D),RPS6KA2(D),SYNE1(D),PARK2(D)', 'CDKN2A(D)', 'EGFR(A)'])
SDK1	set(['EGFR(A)'])
MAP1B	set(['CDKN2A(D)', 'EGFR(A)'])
PLCB3	set(['PTEN', 'CDK4(A)'])
LINC00290(D)	set(['LRP2', 'COL6A3', 'NF1'])
MC3R	set(['CDK4(A)'])
DSP	set(['QKI(D),UTRN(D),ARID1B,TMEM242,ZDHHC14(D),PLG(D),RPS6KA2(D),SYNE1(D),PARK2(D)', 'PTEN(D)', 'PDGFRA(A)'])
C15orf2	set(['CDKN2A(D)'])
HERC1	set(['PDGFRA(A)'])
TRRAP	set(['PTEN', 'RB1(D)', 'MDM4(A)', 'QKI(D),UTRN(D),ARID1B,TMEM242,ZDHHC14(D),PLG(D),RPS6KA2(D),SYNE1(D),PARK2(D)'])
KPRP	set(['PDGFRA(A)'])
PTPN3	set(['CDKN2A(D)', 'MDM4(A)'])
HMCN1	set(['PTEN', 'TP53(D)', 'TP53'])
PCDHA13	set(['EGFR(A)'])
C21orf58	set(['QKI(D),UTRN(D),ARID1B,TMEM242,ZDHHC14(D),PLG(D),RPS6KA2(D),SYNE1(D),PARK2(D)'])
SPAM1	set(['PTEN', 'PDGFRA(A)'])
XIRP2	set(['QKI(D),UTRN(D),ARID1B,TMEM242,ZDHHC14(D),PLG(D),RPS6KA2(D),SYNE1(D),PARK2(D)'])
ITGAX	set(['QKI(D),UTRN(D),ARID1B,TMEM242,ZDHHC14(D),PLG(D),RPS6KA2(D),SYNE1(D),PARK2(D)', 'EGFR(A)', 'CDK4(A)'])
ABCA13	set(['CDKN2A(D)'])
TP53	set(['KRTAP5-5', 'RPL5,FAM69A,SNORA66(D)', 'MDM2(A)', 'PTEN(D)', 'MDM4(A)', 'CDKN2A(D)', 'SARDH', 'QKI(D),UTRN(D),ARID1B,TMEM242,ZDHHC14(D),PLG(D),RPS6KA2(D),SYNE1(D),PARK2(D)', 'HMCN1', 'EGFR(A)'])
LRBA	set(['CDKN2A(D)'])
COL22A1	set(['RB1(D)', 'CDK4(A)'])
OTOF	set(['RB1(D)'])
PDE6B	set(['PTEN', 'CDKN2A(D)', 'PDGFRA(A)'])
CNGB1	set(['QKI(D),UTRN(D),ARID1B,TMEM242,ZDHHC14(D),PLG(D),RPS6KA2(D),SYNE1(D),PARK2(D)', 'PTEN'])
RHBDF2	set(['EGFR(A)'])
WDFY3	set(['PTEN', 'EGFR(A)'])
ITGAM	set(['QKI(D),UTRN(D),ARID1B,TMEM242,ZDHHC14(D),PLG(D),RPS6KA2(D),SYNE1(D),PARK2(D)', 'PTEN(D)', 'MDM4(A)'])
SLC22A2	set(['MDM4(A)'])
GABRE	set(['QKI(D),UTRN(D),ARID1B,TMEM242,ZDHHC14(D),PLG(D),RPS6KA2(D),SYNE1(D),PARK2(D)', 'PTEN(D)'])
FLNA	set(['CDK4(A)', 'EGFR(A)', 'MDM4(A)'])
VWF	set(['CDKN2A(D)'])
ZNF407(D)	set(['MDM4(A)', 'EGFR(A)'])
ITGAD	set(['CDKN2A(D)', 'EGFR(A)'])
PRDM9	set(['EGFR(A)'])
COL12A1	set(['CDKN2A(D)'])
ZNF292	set(['QKI(D),UTRN(D),ARID1B,TMEM242,ZDHHC14(D),PLG(D),RPS6KA2(D),SYNE1(D),PARK2(D)'])
MYOM3	set(['CDKN2A(D)', 'EGFR(A)', 'MDM4(A)', 'CDK4(A)'])
MYH11	set(['PTEN'])
MYH13	set(['PTEN(D)'])
MYH14	set(['PDGFRA(A)'])
MIR4710,INF2,ADSSL1,SIVA1,AKT1,ZBTB42(A)	set(['CDK4(A)'])
ACSM4	set(['MDM4(A)'])
ZNF831	set(['RB1(D)', 'CDK4(A)'])
SHROOM2	set(['EGFR(A)'])
TCHH	set(['QKI(D),UTRN(D),ARID1B,TMEM242,ZDHHC14(D),PLG(D),RPS6KA2(D),SYNE1(D),PARK2(D)', 'TP53(D)', 'MDM2(A)', 'MDM4(A)'])
UPF1	set(['PDGFRA(A)'])
AKAP13	set(['QKI(D),UTRN(D),ARID1B,TMEM242,ZDHHC14(D),PLG(D),RPS6KA2(D),SYNE1(D),PARK2(D)', 'EGFR(A)'])
ADAMTS16	set(['MDM2(A)', 'RB1(D)', 'FAF1(D)', 'PDGFRA(A)'])
THSD7B	set(['EGFR'])
ENPEP	set(['QKI(D),UTRN(D),ARID1B,TMEM242,ZDHHC14(D),PLG(D),RPS6KA2(D),SYNE1(D),PARK2(D)', 'PTEN(D)', 'FAF1(D)'])
ZNF536	set(['PTEN'])
JHDM1D	set(['PDGFRA(A)'])
CIITA	set(['PTEN', 'CDK4(A)'])
PKD1L2	set(['PTEN', 'CDKN2A(D)', 'EGFR(A)', 'MDM4(A)'])
HFM1	set(['EGFR(A)'])
BSN	set(['CDKN2A(D)', 'EGFR(A)'])
MIR3201(D),FAM19A5(D),LOC339685(D)	set(['LRP2', 'FLG2', 'ZMYM3', 'PDGFRA(A)', 'LRP1B(D)', 'HUWE1', 'PTEN', 'PCLO', 'FLG', 'QKI(D),UTRN(D),ARID1B,TMEM242,ZDHHC14(D),PLG(D),RPS6KA2(D),SYNE1(D),PARK2(D)', 'RB1(D)', 'SYNE2', 'TP53(D)', 'RIMS2'])
OBSL1	set(['CDKN2A(D)', 'PDGFRA(A)'])
BIRC6	set(['CDK4(A)'])
C3	set(['QKI(D),UTRN(D),ARID1B,TMEM242,ZDHHC14(D),PLG(D),RPS6KA2(D),SYNE1(D),PARK2(D)'])
DSG3	set(['RB1(D)', 'PTEN(D)'])
C7	set(['MDM4(A)', 'CDKN2A(D)', 'CDK4(A)', 'QKI(D),UTRN(D),ARID1B,TMEM242,ZDHHC14(D),PLG(D),RPS6KA2(D),SYNE1(D),PARK2(D)', 'EGFR(A)'])
PRX	set(['EGFR(A)'])
RIMS2	set(['TP53(D)', 'MIR3201(D),FAM19A5(D),LOC339685(D)', 'RB1(D)', 'MDM4(A)'])
KIF21B	set(['PTEN', 'PDGFRA(A)'])
LAMA1	set(['PTEN', 'RB1(D)', 'FAF1(D)', 'PDGFRA(A)'])
LAMA2	set(['PTEN', 'EGFR(A)'])
ACACA	set(['PDGFRA(A)'])
SAMSN1,LOC388813,NRIP1,USP25,LINC00478,MIR99A,MIRLET7C,MIR125B2,C21orf37,CXADR,BTG3,C21orf91-OT1,C21orf91,CHODL-AS1,CHODL,TMPRSS15(A)	set(['QKI(D),UTRN(D),ARID1B,TMEM242,ZDHHC14(D),PLG(D),RPS6KA2(D),SYNE1(D),PARK2(D)', 'EGFR(A)'])
WBSCR17	set(['QKI(D),UTRN(D),ARID1B,TMEM242,ZDHHC14(D),PLG(D),RPS6KA2(D),SYNE1(D),PARK2(D)', 'EGFR(A)', 'FAF1(D)'])
ACACB	set(['PTEN'])
INPP5A,NKX6-2,TTC40,LOC399829,GPR123,KNDC1,UTF1,VENTX,MIR202,ADAM8,TUBGCP2,ZNF511,CALY,PRAP1,C10orf125,ECHS1,MIR3944,PAOX,MTG1(D),PAOX(D)	set(['KRTAP5-5', 'DNAH11', 'PIK3CA', 'EGFR', 'SPTA1', 'MXRA5', 'SYNE1'])
PPEF2	set(['MDM4(A)', 'EGFR(A)', 'PDGFRA(A)'])
KIDINS220	set(['PTEN'])
MAST2	set(['CDK4(A)'])
NF1,RAB11FIP4(D)	set(['SOX2-OT(A),PIK3CA(A)', 'EGFR(A)', 'MDM4(A)', 'USH2A', 'CDK4(A)'])
SCAF1	set(['RB1(D)', 'EGFR(A)', 'MDM4(A)'])
ABCG4	set(['PTEN'])
SLC27A2	set(['RB1(D)', 'CDK4(A)'])
LRP2	set(['ARID2(D)', 'LINC00290(D)', 'MDM2(A)', 'MIR3201(D),FAM19A5(D),LOC339685(D)', 'QKI(D),UTRN(D),ARID1B,TMEM242,ZDHHC14(D),PLG(D),RPS6KA2(D),SYNE1(D),PARK2(D)', 'TP53(D)'])
CYP4F22	set(['QKI(D),UTRN(D),ARID1B,TMEM242,ZDHHC14(D),PLG(D),RPS6KA2(D),SYNE1(D),PARK2(D)', 'CDK4(A)'])
KDM2B	set(['PTEN', 'EGFR(A)', 'QKI(D),UTRN(D),ARID1B,TMEM242,ZDHHC14(D),PLG(D),RPS6KA2(D),SYNE1(D),PARK2(D)'])
PLCG2	set(['CDK4(A)', 'EGFR(A)'])
F8	set(['QKI(D),UTRN(D),ARID1B,TMEM242,ZDHHC14(D),PLG(D),RPS6KA2(D),SYNE1(D),PARK2(D)', 'MDM4(A)'])
PLXNA2	set(['PTEN(D)', 'EGFR(A)'])
EVPL	set(['CDKN2A(D)', 'EGFR(A)'])
PDGFRA(A)	set(['ZBTB20(D),LSAMP(D)', 'MYH14', 'COL11A1', 'JHDM1D', 'SCN11A', 'CCDC45', 'DUOX2', 'EGFR', 'HOOK1', 'MST1', 'CNTNAP2', 'UPF1', 'SACS', 'SMARCA1', 'CHL1', 'CRYBA2', 'ADAMTS16', 'FRRS1', 'GABRA1', 'EGFR(A)', 'TRH(D)', 'MYH2', 'SIM1', 'DLG5', 'KCNC2', 'CABIN1', 'MGAM', 'AMPD1', 'DCC', 'VAV2(D)', 'LRP1B(D)', 'MIR3201(D),FAM19A5(D),LOC339685(D)', 'PIK3R1', 'SP1', 'DISP1', 'KIF2B', 'SAMD9', 'TRPM2', 'KIF21B', 'LAMA1', 'EPHB1', 'ACACA', 'OBSL1', 'TRHDE', 'WNK2', 'PPEF2', 'AFF2', 'NLGN4X', 'ENPP2', 'CROCC', 'DSP', 'HERC1', 'COL5A3', 'PIK3C2G', 'KCNN2', 'KPRP', 'CEP250', 'SPAM1', 'DNAH2', 'SEMA3C', 'LRRK2', 'SH3TC1', 'PDE6B', 'SPHKAP', 'QKI(D),UTRN(D),ARID1B,TMEM242,ZDHHC14(D),PLG(D),RPS6KA2(D),SYNE1(D),PARK2(D)', 'MYO15A', 'SCN5A'])
TAF1L	set(['TP53(D)', 'EGFR(A)'])
ABCA4	set(['MDM4(A)', 'PTEN', 'CDKN2A(D)', 'CDK4(A)', 'QKI(D),UTRN(D),ARID1B,TMEM242,ZDHHC14(D),PLG(D),RPS6KA2(D),SYNE1(D),PARK2(D)'])
CNTNAP2	set(['MDM2(A)', 'DIP2C,C10orf108,LARP4B,GTPBP4,IDI2,IDI2-AS1,IDI1,WDR37,LINC00200,ADARB2,ADARB2-AS1,LOC282980,LOC399708(D)', 'FAF1(D)', 'PDGFRA(A)'])
ZBTB20(D),LSAMP(D)	set(['TP53(D)', 'PDGFRA(A)'])
TMTC1	set(['PTEN'])
HTR3A	set(['CDK4(A)'])
PDPN,PRDM2(A)	set(['FAF1(D)', 'PTEN', 'PCLO', 'PTEN(D)', 'RB1'])
C2orf55	set(['CDKN2A(D)', 'EGFR(A)'])
KIAA1210	set(['CDKN2A(D)'])
DNAH8	set(['PTEN', 'PTEN(D)'])
ECEL1	set(['CDK4(A)'])
PRKD3	set(['PTEN(D)'])
TRH(D)	set(['RB1(D)', 'PTEN(D)', 'PDGFRA(A)'])
KCNC2	set(['PTEN', 'PDGFRA(A)'])
CDH18	set(['CDKN2A(D)', 'MDM4(A)'])
NLRP12	set(['PTEN(D)', 'CDK4(A)', 'FAF1(D)', 'MDM4(A)'])
EGFR	set(['THSD7B', 'ARID2(D)', 'CDK4(A)', 'PDGFRA(A)', 'MDM2(A)', 'INPP5A,NKX6-2,TTC40,LOC399829,GPR123,KNDC1,UTF1,VENTX,MIR202,ADAM8,TUBGCP2,ZNF511,CALY,PRAP1,C10orf125,ECHS1,MIR3944,PAOX,MTG1(D),PAOX(D)', 'SLIT3', 'ARHGAP9', 'DIP2C,C10orf108,LARP4B,GTPBP4,IDI2,IDI2-AS1,IDI1,WDR37,LINC00200,ADARB2,ADARB2-AS1,LOC282980,LOC399708(D)', 'TP53(D)', 'DUSP27'])
MDM4(A)	set(['ANKRD52', 'MYOM3', 'PDGFRA', 'TGM3', 'PLEKHG4B', 'COL11A1', 'SCAF1', 'CC2D1A', 'GABRG2', 'NLRP12', 'ABP1', 'MST1', 'MLL3', 'RIMS2', 'ODZ3', 'MLL4', 'CDH18', 'FBLN2', 'UBASH3A', 'FLG2', 'BRPF3', 'DLG5', 'PKD1L2', 'EML2', 'PALM2-AKAP2', 'MYH8', 'ATP13A2', 'AFF2', 'WHSC1L1', 'EPPK1', 'LRP1B', 'KCNU1', 'SLIT3', 'NF1', 'TRIML1', 'TMEM132D', 'SIPA1L3', 'C7', 'DSG4', 'ITGAM', 'ZMYM3', 'IDH1', 'ABCB4', 'PPEF2', 'TRRAP', 'COL5A3', 'NF1,RAB11FIP4(D)', 'ZNF208', 'FLNA', 'PTPN3', 'MYH7B', 'SETD2', 'TCHH', 'ZAN', 'LRP1', 'TP53', 'HRNR', 'F8', 'PKD1', 'FRMPD4(D)', 'ACSM4', 'SPAG17', 'CDH9', 'ANK1', 'ABCA4', 'KDR', 'PCDH17', 'SLC22A2', 'GPR98', 'PKHD1', 'COL6A3', 'SCN5A', 'PTPN11', 'ZNF407(D)'])
KIAA0649	set(['PTEN', 'CDKN2A(D)'])
C8B	set(['CDKN2A(D)', 'EGFR(A)'])
DSCAM	set(['CDK4(A)', 'EGFR(A)', 'PTEN(D)'])
RB1CC1	set(['PTEN'])
FRRS1	set(['CDK4(A)', 'PTEN(D)', 'PDGFRA(A)'])
PAN3	set(['QKI(D),UTRN(D),ARID1B,TMEM242,ZDHHC14(D),PLG(D),RPS6KA2(D),SYNE1(D),PARK2(D)'])
SIM2	set(['QKI(D),UTRN(D),ARID1B,TMEM242,ZDHHC14(D),PLG(D),RPS6KA2(D),SYNE1(D),PARK2(D)'])
SIM1	set(['PDGFRA(A)'])
SPTBN4	set(['PTEN', 'CDKN2A(D)', 'EGFR(A)'])
DDX11	set(['EGFR(A)'])
MXRA5	set(['INPP5A,NKX6-2,TTC40,LOC399829,GPR123,KNDC1,UTF1,VENTX,MIR202,ADAM8,TUBGCP2,ZNF511,CALY,PRAP1,C10orf125,ECHS1,MIR3944,PAOX,MTG1(D),PAOX(D)', 'TP53(D)', 'RB1(D)', 'FAF1(D)'])
PLEKHG4B	set(['RB1(D)', 'CDK4(A)', 'MDM4(A)'])
ATP13A2	set(['CDKN2A(D)', 'MDM4(A)'])
KIF4B	set(['QKI(D),UTRN(D),ARID1B,TMEM242,ZDHHC14(D),PLG(D),RPS6KA2(D),SYNE1(D),PARK2(D)', 'CDK4(A)'])
KIF4A	set(['PTEN'])
WNK2	set(['PDGFRA(A)'])
CDKN2A(D)	set(['MDN1', 'FRYL', 'ZCCHC14', 'PRPF6', 'CACNA1H', 'ASTL', 'PKD1L2', 'C12orf51', 'CACNA1F', 'PIK3CG', 'SEMG1', 'COL12A1', 'ESPL1', 'SUSD3', 'MET,CAPZA2,ST7-AS1,ST7,ST7-OT4(A)', 'CACNA1S', 'C2orf55', 'SLITRK6', 'CASZ1', 'ARHGEF19', 'IDH1', 'FHOD3', 'IGHMBP2', 'ATP2B3', 'ZAN', 'CALN1', 'ADCY1', 'MDM2(A)', 'SPEN', 'GRIP1', 'SPEG', 'MYO15A', 'KIAA1409', 'MSL3', 'GABRG2', 'MACF1', 'ANO2', 'ST14', 'EP400', 'C12orf35', 'PLXNB3', 'LRRK2', 'CHD8', 'SKIV2L', 'GRM8', 'ANGPT4', 'MYCNOS,MYCN(A)', 'MAP1B', 'NACA', 'C15orf2', 'PLEC', 'GPR116', 'PTPN3', 'EVPL', 'ABCA13', 'TP53', 'LRBA', 'NALCN', 'PDE6B', 'VWF', 'SCN5A', 'ITGAD', 'IL17RA', 'MYOM3', 'EPHA7', 'SPTA1', 'GABRA1', 'MYH3', 'NLRP7', 'ITIH5', 'ASPM', 'TBC1D2', 'BSN', 'OBSL1', 'RB1(D)', 'ANO6(A)', 'C7', 'DOCK1', 'CELSR2', 'AGAP3', 'PTCHD2', 'BCOR', 'SUPT6H', 'ADAM29', 'NELL2(A)', 'KIF1B', 'ABCA4', 'KIAA1210', 'CDH18', 'MSH6', 'SCN9A', 'KIAA0649', 'C8B', 'CDK4(A)', 'SPTBN4', 'SMARCA4', 'RERE', 'ATP13A2', 'RB1', 'SLIT3', 'NFKBIL2', 'SP1', 'SIPA1L3', 'DGKD', 'ARID2(D)', 'LTBP2', 'ATP10B', 'HOOK1', 'CROCC', 'DNMT3L', 'PCDHA2', 'PTPRS', 'PCDHA8', 'NOTCH2', 'NOTCH3', 'ACRC', 'SPHKAP', 'MAP3K15', 'SRCRB4D'])
SLIT3	set(['EGFR', 'MDM4(A)', 'PTEN', 'CDKN2A(D)', 'QKI(D),UTRN(D),ARID1B,TMEM242,ZDHHC14(D),PLG(D),RPS6KA2(D),SYNE1(D),PARK2(D)', 'EGFR(A)'])
CALN1	set(['PTEN', 'CDKN2A(D)'])
GAK	set(['QKI(D),UTRN(D),ARID1B,TMEM242,ZDHHC14(D),PLG(D),RPS6KA2(D),SYNE1(D),PARK2(D)'])
ARHGEF19	set(['CDKN2A(D)'])
HOMER1	set(['CDK4(A)'])
RPGRIP1L	set(['QKI(D),UTRN(D),ARID1B,TMEM242,ZDHHC14(D),PLG(D),RPS6KA2(D),SYNE1(D),PARK2(D)', 'EGFR(A)'])
SIPA1L3	set(['CDKN2A(D)', 'MDM4(A)'])
SIPA1L2	set(['PTEN', 'QKI(D),UTRN(D),ARID1B,TMEM242,ZDHHC14(D),PLG(D),RPS6KA2(D),SYNE1(D),PARK2(D)'])
POTEB	set(['PTEN'])
HECW1	set(['QKI(D),UTRN(D),ARID1B,TMEM242,ZDHHC14(D),PLG(D),RPS6KA2(D),SYNE1(D),PARK2(D)', 'PTEN'])
NOS3	set(['EGFR(A)'])
LTBP2	set(['CDKN2A(D)'])
NLGN4X	set(['PTEN', 'CDK4(A)', 'PDGFRA(A)'])
FBN2	set(['QKI(D),UTRN(D),ARID1B,TMEM242,ZDHHC14(D),PLG(D),RPS6KA2(D),SYNE1(D),PARK2(D)', 'PTEN(D)', 'CDK4(A)', 'EGFR(A)'])
FAF1(D)	set(['OBSCN', 'DNAH11', 'ARID2(D)', 'ADAMTS16', 'SCN9A', 'SPTA1', 'MEGF8', 'CNTNAP2', 'PDPN,PRDM2(A)', 'DIP2C,C10orf108,LARP4B,GTPBP4,IDI2,IDI2-AS1,IDI1,WDR37,LINC00200,ADARB2,ADARB2-AS1,LOC282980,LOC399708(D)', 'NLRP12', 'EGFR(A)', 'HYDIN', 'FLG2', 'APOB', 'WBSCR17', 'FRMPD4(D)', 'ITPR3', 'RB1', 'SEMG1', 'RB1(D)', 'MLL4', 'LAMA1', 'TRHDE', 'ENPEP', 'CROCC', 'EPPK1', 'MXRA5', 'SYNE1', 'DOCK5', 'KEL', 'MDM2(A)', 'ABCC9', 'MYO15A', 'CDK4(A)'])
FBN1	set(['PTEN(D)'])
PCNT	set(['EGFR(A)', 'PTEN(D)'])
PTPRS	set(['QKI(D),UTRN(D),ARID1B,TMEM242,ZDHHC14(D),PLG(D),RPS6KA2(D),SYNE1(D),PARK2(D)', 'CDKN2A(D)', 'EGFR(A)'])
FHOD3	set(['CDKN2A(D)', 'EGFR(A)'])
PCDHA2	set(['CDKN2A(D)'])
FLNC	set(['CDK4(A)', 'EGFR(A)', 'QKI(D),UTRN(D),ARID1B,TMEM242,ZDHHC14(D),PLG(D),RPS6KA2(D),SYNE1(D),PARK2(D)'])
PCDHA8	set(['PTEN', 'CDKN2A(D)'])
GRHL3	set(['PTEN', 'QKI(D),UTRN(D),ARID1B,TMEM242,ZDHHC14(D),PLG(D),RPS6KA2(D),SYNE1(D),PARK2(D)'])
ANK1	set(['QKI(D),UTRN(D),ARID1B,TMEM242,ZDHHC14(D),PLG(D),RPS6KA2(D),SYNE1(D),PARK2(D)', 'MDM4(A)'])
SPHKAP	set(['PTEN', 'CDKN2A(D)', 'CDK4(A)', 'PDGFRA(A)'])
BCL9	set(['QKI(D),UTRN(D),ARID1B,TMEM242,ZDHHC14(D),PLG(D),RPS6KA2(D),SYNE1(D),PARK2(D)'])
MAP3K15	set(['QKI(D),UTRN(D),ARID1B,TMEM242,ZDHHC14(D),PLG(D),RPS6KA2(D),SYNE1(D),PARK2(D)', 'CDKN2A(D)'])
C9orf150	set(['EGFR(A)', 'CDK4(A)'])
COL6A3	set(['MDM4(A)', 'LINC00290(D)'])
COL6A6	set(['PTEN'])
ZDBF2	set(['QKI(D),UTRN(D),ARID1B,TMEM242,ZDHHC14(D),PLG(D),RPS6KA2(D),SYNE1(D),PARK2(D)', 'EGFR(A)', 'CDK4(A)'])
TGM3	set(['MDM4(A)'])
COL11A1	set(['MDM4(A)', 'PDGFRA(A)'])
COL11A2	set(['QKI(D),UTRN(D),ARID1B,TMEM242,ZDHHC14(D),PLG(D),RPS6KA2(D),SYNE1(D),PARK2(D)', 'CDK4(A)'])
HUWE1	set(['MIR3201(D),FAM19A5(D),LOC339685(D)'])
NEFH	set(['QKI(D),UTRN(D),ARID1B,TMEM242,ZDHHC14(D),PLG(D),RPS6KA2(D),SYNE1(D),PARK2(D)'])
PRPF8	set(['CDK4(A)'])
DIP2C,C10orf108,LARP4B,GTPBP4,IDI2,IDI2-AS1,IDI1,WDR37,LINC00200,ADARB2,ADARB2-AS1,LOC282980,LOC399708(D)	set(['DNAH2', 'RPL5,FAM69A,SNORA66(D)', 'EGFR', 'FAF1(D)', 'PTEN', 'CNTNAP2', 'RB1(D)', 'PIK3R1', 'SYNE2'])
FBLN2	set(['MDM4(A)', 'CDK4(A)'])
SDCCAG8,MIR4677,AKT3,LOC339529,ZNF238,C1orf100,ADSS(A)	set(['TP53(D)', 'PTEN(D)'])
PRPF6	set(['PTEN', 'CDKN2A(D)', 'EGFR(A)'])
BRPF3	set(['QKI(D),UTRN(D),ARID1B,TMEM242,ZDHHC14(D),PLG(D),RPS6KA2(D),SYNE1(D),PARK2(D)', 'RB1(D)', 'EGFR(A)', 'MDM4(A)'])
ASTL	set(['CDKN2A(D)'])
PKD1L1	set(['PTEN', 'RB1(D)'])
ADAMTS3	set(['CDK4(A)', 'EGFR(A)', 'PTEN(D)'])
NALCN	set(['CDKN2A(D)'])
PALM2-AKAP2	set(['QKI(D),UTRN(D),ARID1B,TMEM242,ZDHHC14(D),PLG(D),RPS6KA2(D),SYNE1(D),PARK2(D)', 'MDM4(A)'])
ARHGEF2	set(['PTEN'])
WHSC1L1	set(['QKI(D),UTRN(D),ARID1B,TMEM242,ZDHHC14(D),PLG(D),RPS6KA2(D),SYNE1(D),PARK2(D)', 'EGFR(A)', 'MDM4(A)'])
CDH9	set(['MDM4(A)'])
EPHA7	set(['CDKN2A(D)'])
KCNU1	set(['MDM4(A)'])
RB1(D)	set(['MDN1', 'FRYL', 'TRH(D)', 'UGT3A2', 'DOCK1', 'ZNF831', 'ALS2CR11', 'FAM83H', 'EP400', 'DIP2C,C10orf108,LARP4B,GTPBP4,IDI2,IDI2-AS1,IDI1,WDR37,LINC00200,ADARB2,ADARB2-AS1,LOC282980,LOC399708(D)', 'ODZ1', 'ADAMTS16', 'CHL1', 'DNAH11', 'APOB', 'PKD1L1', 'CABIN1', 'PIK3CA', 'AHNAK', 'LRRK2', 'BRPF3', 'CDKN2A(D)', 'ESPL1', 'PLXND1', 'KIF2B', 'MLL4', 'RIMS2', 'LAMA1', 'HSPG2', 'MICALCL', 'STAG2', 'CARD11', 'CEP250', 'TRRAP', 'PTPRT', 'MXRA5', 'SCAF1', 'QKI(D),UTRN(D),ARID1B,TMEM242,ZDHHC14(D),PLG(D),RPS6KA2(D),SYNE1(D),PARK2(D)', 'ITPR3', 'DSG3', 'SLC27A2', 'KEL', 'NUP210L', 'DNAH5', 'HCN1', 'MIR3201(D),FAM19A5(D),LOC339685(D)', 'RFX6', 'COL22A1', 'NWD1', 'SOX2-OT(A),PIK3CA(A)', 'OTOF', 'SPAG17', 'GPR179', 'PLEKHG4B', 'FAF1(D)', 'GPR116', 'PTPN11', 'GON4L'])
SUSD3	set(['CDKN2A(D)'])
WNK3	set(['EGFR(A)'])
PLXND1	set(['PTEN', 'RB1(D)'])
MET,CAPZA2,ST7-AS1,ST7,ST7-OT4(A)	set(['SPTA1', 'CDKN2A(D)', 'EGFR(A)'])
AMPD1	set(['CDK4(A)', 'PDGFRA(A)'])
MYT1	set(['QKI(D),UTRN(D),ARID1B,TMEM242,ZDHHC14(D),PLG(D),RPS6KA2(D),SYNE1(D),PARK2(D)', 'PTEN(D)', 'CDK4(A)', 'EGFR(A)'])
MICALCL	set(['MDM2(A)', 'PTEN', 'RB1(D)', 'CDK4(A)', 'QKI(D),UTRN(D),ARID1B,TMEM242,ZDHHC14(D),PLG(D),RPS6KA2(D),SYNE1(D),PARK2(D)', 'EGFR(A)'])
TRHDE	set(['FAF1(D)', 'PDGFRA(A)'])
KIAA1244	set(['PTEN'])
TRIML1	set(['QKI(D),UTRN(D),ARID1B,TMEM242,ZDHHC14(D),PLG(D),RPS6KA2(D),SYNE1(D),PARK2(D)', 'MDM4(A)'])
ENPP2	set(['PDGFRA(A)'])
TDRD6	set(['EGFR(A)'])
DOCK4	set(['QKI(D),UTRN(D),ARID1B,TMEM242,ZDHHC14(D),PLG(D),RPS6KA2(D),SYNE1(D),PARK2(D)'])
DISP1	set(['PTEN', 'PDGFRA(A)'])
IGHMBP2	set(['QKI(D),UTRN(D),ARID1B,TMEM242,ZDHHC14(D),PLG(D),RPS6KA2(D),SYNE1(D),PARK2(D)', 'CDKN2A(D)', 'EGFR(A)'])
UGT2A1	set(['QKI(D),UTRN(D),ARID1B,TMEM242,ZDHHC14(D),PLG(D),RPS6KA2(D),SYNE1(D),PARK2(D)', 'EGFR(A)'])
LRRIQ1	set(['AKAP6,NPAS3(D),NPAS3(D)', 'MDM2(A)'])
ADAMTS20	set(['PTEN(D)'])
ATP2B3	set(['PTEN', 'CDKN2A(D)', 'EGFR(A)', 'PTEN(D)'])
CACNA2D1	set(['QKI(D),UTRN(D),ARID1B,TMEM242,ZDHHC14(D),PLG(D),RPS6KA2(D),SYNE1(D),PARK2(D)'])
UBR4	set(['CDK4(A)'])
SAMD9L	set(['EGFR(A)'])
TERT	set(['QKI(D),UTRN(D),ARID1B,TMEM242,ZDHHC14(D),PLG(D),RPS6KA2(D),SYNE1(D),PARK2(D)', 'PTEN(D)'])
NWD1	set(['RB1(D)', 'PTEN(D)'])
ALS2CR11	set(['RB1(D)', 'CDK4(A)'])
RFX6	set(['RB1(D)'])
DCC	set(['QKI(D),UTRN(D),ARID1B,TMEM242,ZDHHC14(D),PLG(D),RPS6KA2(D),SYNE1(D),PARK2(D)', 'PDGFRA(A)'])
FAT2	set(['MDM2(A)', 'PTEN(D)'])
ATP8B4	set(['PTEN'])
GRIP1	set(['CDKN2A(D)'])
PKHD1	set(['PTEN(D)', 'MDM4(A)', 'EGFR(A)'])
MYO15A	set(['CDKN2A(D)', 'EGFR(A)', 'FAF1(D)', 'PDGFRA(A)'])
CFTR	set(['EGFR(A)'])
ANKRD52	set(['MDM4(A)', 'EGFR(A)'])
ZFHX3	set(['QKI(D),UTRN(D),ARID1B,TMEM242,ZDHHC14(D),PLG(D),RPS6KA2(D),SYNE1(D),PARK2(D)', 'CDK4(A)', 'EGFR(A)'])
CCDC60	set(['PTEN', 'PTEN(D)'])
MSL3	set(['CDKN2A(D)'])
UGT3A2	set(['RB1(D)'])
MACF1	set(['PTEN', 'CDKN2A(D)'])
ST14	set(['CDKN2A(D)'])
EP400	set(['CDKN2A(D)', 'RB1(D)'])
DPPA4	set(['PTEN'])
ZNF599	set(['PTEN'])
SHPRH	set(['PTEN'])
FLG	set(['MDM2(A)', 'QKI(D),UTRN(D),ARID1B,TMEM242,ZDHHC14(D),PLG(D),RPS6KA2(D),SYNE1(D),PARK2(D)', 'MIR3201(D),FAM19A5(D),LOC339685(D)', 'EGFR(A)', 'FRMPD4(D)'])
PLXNB2	set(['QKI(D),UTRN(D),ARID1B,TMEM242,ZDHHC14(D),PLG(D),RPS6KA2(D),SYNE1(D),PARK2(D)', 'CDK4(A)'])
PLXNB3	set(['CDKN2A(D)', 'CDK4(A)'])
CHD5	set(['QKI(D),UTRN(D),ARID1B,TMEM242,ZDHHC14(D),PLG(D),RPS6KA2(D),SYNE1(D),PARK2(D)'])
LRRK1	set(['CDK4(A)'])
HRNR	set(['MDM4(A)'])
CACNA1S	set(['LRP1B(D)', 'QKI(D),UTRN(D),ARID1B,TMEM242,ZDHHC14(D),PLG(D),RPS6KA2(D),SYNE1(D),PARK2(D)', 'CDKN2A(D)', 'PTEN(D)'])
CHD8	set(['CDKN2A(D)'])
MGAM	set(['PDGFRA(A)'])
GUCY1A3	set(['CDK4(A)'])
SRMS	set(['QKI(D),UTRN(D),ARID1B,TMEM242,ZDHHC14(D),PLG(D),RPS6KA2(D),SYNE1(D),PARK2(D)'])
PVRL4	set(['PTEN'])
PIK3R1	set(['PTEN', 'MDM2(A)', 'DIP2C,C10orf108,LARP4B,GTPBP4,IDI2,IDI2-AS1,IDI1,WDR37,LINC00200,ADARB2,ADARB2-AS1,LOC282980,LOC399708(D)', 'PTEN(D)', 'PDGFRA(A)'])
PPP1R9A	set(['EGFR(A)'])
CARD11	set(['RB1(D)', 'PTEN(D)'])
ANGPT4	set(['CDKN2A(D)'])
DCHS1	set(['PTEN'])
KLHL34	set(['EGFR(A)'])
NACA	set(['CDKN2A(D)'])
FLG2	set(['OBSCN', 'MDM2(A)', 'MDM4(A)', 'FAF1(D)', 'MIR3201(D),FAM19A5(D),LOC339685(D)', 'TP53(D)'])
STAG2	set(['QKI(D),UTRN(D),ARID1B,TMEM242,ZDHHC14(D),PLG(D),RPS6KA2(D),SYNE1(D),PARK2(D)', 'RB1(D)', 'CDK4(A)'])
GPR179	set(['RB1(D)', 'PTEN(D)'])
AKAP6,NPAS3(D),NPAS3(D)	set(['ARID2(D)', 'IDH1', 'MDM2(A)', 'SYNE1', 'LRRIQ1', 'EGFR(A)'])
PLEC	set(['CDKN2A(D)', 'PTEN(D)'])
TMPRSS6	set(['PTEN'])
SPEG	set(['CDKN2A(D)', 'PTEN(D)'])
ITPR3	set(['RB1(D)', 'FAF1(D)'])
BCAR3	set(['QKI(D),UTRN(D),ARID1B,TMEM242,ZDHHC14(D),PLG(D),RPS6KA2(D),SYNE1(D),PARK2(D)'])
DNAH2	set(['CDK4(A)', 'SOX2-OT(A),PIK3CA(A)', 'PTEN(D)', 'DIP2C,C10orf108,LARP4B,GTPBP4,IDI2,IDI2-AS1,IDI1,WDR37,LINC00200,ADARB2,ADARB2-AS1,LOC282980,LOC399708(D)', 'PDGFRA(A)'])
DNAH3	set(['QKI(D),UTRN(D),ARID1B,TMEM242,ZDHHC14(D),PLG(D),RPS6KA2(D),SYNE1(D),PARK2(D)', 'TP53(D)', 'EGFR(A)', 'RPL5,FAM69A,SNORA66(D)'])
DNAH1	set(['PTEN'])
SUPT6H	set(['QKI(D),UTRN(D),ARID1B,TMEM242,ZDHHC14(D),PLG(D),RPS6KA2(D),SYNE1(D),PARK2(D)', 'CDKN2A(D)', 'PTEN(D)'])
MYH4	set(['EGFR(A)'])
DNAH5	set(['RB1(D)'])
SH3TC1	set(['CDK4(A)', 'PDGFRA(A)'])
HNF4A	set(['PTEN'])
ATP6V0A4	set(['CDK4(A)'])
SARDH	set(['TP53'])
PCDH17	set(['MDM4(A)', 'EGFR(A)'])
GPR98	set(['QKI(D),UTRN(D),ARID1B,TMEM242,ZDHHC14(D),PLG(D),RPS6KA2(D),SYNE1(D),PARK2(D)', 'MDM4(A)', 'PTEN(D)'])
SCN5A	set(['MDM4(A)', 'CDKN2A(D)', 'EGFR(A)', 'PDGFRA(A)'])
TBC1D2	set(['CDKN2A(D)'])
CREBBP	set(['QKI(D),UTRN(D),ARID1B,TMEM242,ZDHHC14(D),PLG(D),RPS6KA2(D),SYNE1(D),PARK2(D)', 'CDK4(A)', 'PTEN(D)'])
MDN1	set(['CDKN2A(D)', 'RB1(D)', 'EGFR(A)'])
SCN7A	set(['CDK4(A)'])
PDGFRA	set(['MDM4(A)', 'EGFR(A)'])
TEX15	set(['CDK4(A)'])
CCDC45	set(['CDK4(A)', 'PDGFRA(A)'])
NEB	set(['CDK4(A)'])
PTEN(D)	set(['MYH13', 'CCDC60', 'ADAMTS3', 'PTCH1', 'SMARCA1', 'CACNA1S', 'NLRP12', 'PDPN,PRDM2(A)', 'L1CAM', 'DSCAM', 'FRRS1', 'SDCCAG8,MIR4677,AKT3,LOC339529,ZNF238,C1orf100,ADSS(A)', 'TRH(D)', 'CACNA1H', 'ENPEP', 'TP53', 'LRRK2', 'FAT2', 'ESPL1', 'PIK3R1', 'ABCB4', 'TMEM132D', 'DSG3', 'TERT', 'CARD11', 'BRAF', 'SMC1A', 'ZMYM3', 'SLITRK2', 'MYT1', 'SP1', 'IDH1', 'FBN2', 'UBASH3A', 'DSP', 'FBN1', 'PLEC', 'PCNT', 'PKHD1', 'ADAMTS20', 'SUPT6H', 'ATP2B3', 'PRKDC', 'DNAH2', 'KCNH5', 'KEL', 'MYH7B', 'RASGRF1', 'HCN1', 'PLXNA2', 'DNAH8', 'NWD1', 'MEGF8', 'GPR179', 'PTEN', 'ITGAM', 'GPR98', 'GABRE', 'SPEG', 'PRKD3', 'PKD1', 'CREBBP', 'HEATR7B2'])
SCN10A	set(['QKI(D),UTRN(D),ARID1B,TMEM242,ZDHHC14(D),PLG(D),RPS6KA2(D),SYNE1(D),PARK2(D)', 'EGFR(A)'])
CABIN1	set(['PTEN', 'RB1(D)', 'CDK4(A)', 'PDGFRA(A)'])
PRKDC	set(['PTEN(D)'])
GON4L	set(['RB1(D)'])
SACS	set(['PDGFRA(A)'])
ITIH5	set(['CDKN2A(D)'])
EGFR(A)	set(['ZDBF2', 'PKHD1L1', 'PRPF6', 'PKD1L2', 'DEAF1', 'WHSC1L1', 'PIK3CG', 'MYOM3', 'LINC00478(A)', 'SAMSN1,LOC388813,NRIP1,USP25,LINC00478,MIR99A,MIRLET7C,MIR125B2,C21orf37,CXADR,BTG3,C21orf91-OT1,C21orf91,CHODL-AS1,CHODL,TMPRSS15(A)', 'MET,CAPZA2,ST7-AS1,ST7,ST7-OT4(A)', 'KDM2B', 'PRX', 'MYT1', 'ZMYM3', 'MICALCL', 'CASZ1', 'WNK3', 'IDH1', 'TDRD6', 'IGHMBP2', 'ZFHX3', 'GMIP', 'ATP2B3', 'SAMD9L', 'ADCY1', 'PTEN', 'PKHD1', 'MYO15A', 'CFTR', 'ANKRD52', 'DOCK1', 'MAP1B', 'MYO18B', 'CC2D1A', 'C12orf35', 'FLG', 'LRRK2', 'SRCRB4D', 'AHNAK', 'SKIV2L', 'NF1', 'PPP1R9A', 'TP53(D)', 'MYCNOS,MYCN(A)', 'SDK1', 'UGT2A1', 'AKAP6,NPAS3(D),NPAS3(D)', 'EVPL', 'PCDHA13', 'ITGAX', 'DNAH3', 'TP53', 'ADAMTS3', 'PDGFRA(A)', 'RHBDF2', 'WDFY3', 'PCDH17', 'FLNA', 'FLNC', 'ITGAD', 'PRDM9', 'MDN1', 'PDGFRA', 'SCN10A', 'SHROOM2', 'AKAP13', 'NLRP7', 'MYH4', 'ASPM', 'MYH8', 'HFM1', 'BSN', 'C7', 'LAMA2', 'RIMBP2', 'CELSR3', 'COL5A3', 'NF1,RAB11FIP4(D)', 'SCAF1', 'IGF2BP1', 'PTPRS', 'TMEM2', 'FHOD3', 'TPTE2', 'PLXNA2', 'TAF1L', 'KLHL34', 'C2orf55', 'ZNF407(D)', 'ZNF318', 'PLCG2', 'C8B', 'DSCAM', 'SPTBN4', 'SMARCA4', 'RERE', 'WBSCR17', 'CAND1', 'DDX11', 'RB1', 'BRPF3', 'SLIT3', 'NFKBIL2', 'SP1', 'RPGRIP1L', 'ARID2(D)', 'NOS3', 'PPEF2', 'ATP10B', 'FBN2', 'FAF1(D)', 'PCNT', 'COL24A1', 'SCN5A', 'MYH7B', 'BBS1', 'NOTCH3', 'BRAF', 'C9orf150', 'PTCH1'])
HYDIN	set(['ARID2(D)', 'RPL5,FAM69A,SNORA66(D)', 'FRMPD4(D)', 'MDM2(A)', 'FAF1(D)', 'KRTAP5-5'])
MYH2	set(['PDGFRA(A)'])
MYH3	set(['CDKN2A(D)'])
NLRP7	set(['CDKN2A(D)', 'EGFR(A)'])
GABRA1	set(['CDKN2A(D)', 'PDGFRA(A)'])
NLRP2	set(['QKI(D),UTRN(D),ARID1B,TMEM242,ZDHHC14(D),PLG(D),RPS6KA2(D),SYNE1(D),PARK2(D)'])
SOX2-OT(A),PIK3CA(A)	set(['DNAH2', 'OBSCN', 'DMD', 'KRTAP5-5', 'PIK3CA', 'NF1,RAB11FIP4(D)', 'NF1', 'AHNAK2', 'RB1(D)'])
MYH8	set(['MDM4(A)', 'EGFR(A)'])
MYH9	set(['QKI(D),UTRN(D),ARID1B,TMEM242,ZDHHC14(D),PLG(D),RPS6KA2(D),SYNE1(D),PARK2(D)'])
VAV2(D)	set(['CDK4(A)', 'PDGFRA(A)'])
GABRG2	set(['CDKN2A(D)', 'MDM4(A)'])
ADAM29	set(['PTEN', 'TP53(D)', 'CDKN2A(D)'])
ANO6(A)	set(['CDKN2A(D)'])
LYST	set(['CDK4(A)'])
SEMA3C	set(['PDGFRA(A)'])
KRTAP5-5	set(['INPP5A,NKX6-2,TTC40,LOC399829,GPR123,KNDC1,UTF1,VENTX,MIR202,ADAM8,TUBGCP2,ZNF511,CALY,PRAP1,C10orf125,ECHS1,MIR3944,PAOX,MTG1(D),PAOX(D)', 'TP53', 'SOX2-OT(A),PIK3CA(A)', 'SYNE1', 'HYDIN'])
HSPG2	set(['RB1(D)'])
CEP250	set(['QKI(D),UTRN(D),ARID1B,TMEM242,ZDHHC14(D),PLG(D),RPS6KA2(D),SYNE1(D),PARK2(D)', 'RB1(D)', 'PDGFRA(A)'])
CELSR3	set(['EGFR(A)'])
CELSR2	set(['CDKN2A(D)'])
CELSR1	set(['CDK4(A)'])
COL5A3	set(['PDGFRA(A)', 'MDM4(A)', 'EGFR(A)'])
AGAP3	set(['CDKN2A(D)'])
PTCHD2	set(['QKI(D),UTRN(D),ARID1B,TMEM242,ZDHHC14(D),PLG(D),RPS6KA2(D),SYNE1(D),PARK2(D)', 'CDKN2A(D)', 'PTEN'])
KCNQ5	set(['QKI(D),UTRN(D),ARID1B,TMEM242,ZDHHC14(D),PLG(D),RPS6KA2(D),SYNE1(D),PARK2(D)'])
IGF2BP1	set(['EGFR(A)'])
SYNE1	set(['KRTAP5-5', 'MDM2(A)', 'INPP5A,NKX6-2,TTC40,LOC399829,GPR123,KNDC1,UTF1,VENTX,MIR202,ADAM8,TUBGCP2,ZNF511,CALY,PRAP1,C10orf125,ECHS1,MIR3944,PAOX,MTG1(D),PAOX(D)', 'FAF1(D)', 'AKAP6,NPAS3(D),NPAS3(D)', 'QKI(D),UTRN(D),ARID1B,TMEM242,ZDHHC14(D),PLG(D),RPS6KA2(D),SYNE1(D),PARK2(D)'])
TMEM2	set(['EGFR(A)'])
LINC00478(A)	set(['QKI(D),UTRN(D),ARID1B,TMEM242,ZDHHC14(D),PLG(D),RPS6KA2(D),SYNE1(D),PARK2(D)', 'CDK4(A)', 'EGFR(A)'])
KEL	set(['RB1(D)', 'PTEN(D)', 'FAF1(D)'])
NUP210L	set(['RB1(D)'])
KIF1B	set(['PTEN', 'CDKN2A(D)', 'QKI(D),UTRN(D),ARID1B,TMEM242,ZDHHC14(D),PLG(D),RPS6KA2(D),SYNE1(D),PARK2(D)'])
TPTE2	set(['QKI(D),UTRN(D),ARID1B,TMEM242,ZDHHC14(D),PLG(D),RPS6KA2(D),SYNE1(D),PARK2(D)', 'EGFR(A)', 'CDK4(A)'])
PKD1	set(['MDM4(A)', 'PTEN(D)'])
CACNA1E	set(['PTEN'])
SMC1A	set(['PTEN(D)'])
DSG4	set(['MDM4(A)'])
PITPNM1	set(['PTEN'])
KDR	set(['MDM4(A)'])
QKI(D),UTRN(D),ARID1B,TMEM242,ZDHHC14(D),PLG(D),RPS6KA2(D),SYNE1(D),PARK2(D)	set(['ZDBF2', 'COL11A2', 'ABP1', 'NEFH', 'TP53', 'CNGB1', 'PALM2-AKAP2', 'DCC', 'WHSC1L1', 'PIK3CG', 'SEMG1', 'RB1(D)', 'LINC00478(A)', 'SAMSN1,LOC388813,NRIP1,USP25,LINC00478,MIR99A,MIRLET7C,MIR125B2,C21orf37,CXADR,BTG3,C21orf91-OT1,C21orf91,CHODL-AS1,CHODL,TMPRSS15(A)', 'SLIT3', 'KDM2B', 'MYT1', 'MICALCL', 'IGHMBP2', 'UGT2A1', 'CACNA2D1', 'SIPA1L2', 'INPP5D', 'ADCY1', 'PTPN11', 'MYLK', 'SPEN', 'F8', 'POM121L12', 'GPR116', 'GPR112', 'DOCK8', 'DOCK4', 'MLL2', 'C12orf35', 'FLG', 'PLXNB2', 'CHD5', 'LRRK2', 'XDH', 'SRMS', 'MYCNOS,MYCN(A)', 'STAG2', 'KCNQ5', 'TRRAP', 'DSP', 'C21orf58', 'XIRP2', 'ITGAX', 'DNAH3', 'SUPT6H', 'PDGFRA(A)', 'HECW1', 'GPR98', 'GABRE', 'FLNC', 'CREBBP', 'ZNF292', 'SCN10A', 'TCHH', 'AKAP13', 'ENPEP', 'NLRP2', 'MYH9', 'MIR3201(D),FAM19A5(D),LOC339685(D)', 'BCAR3', 'C3', 'C7', 'ZFHX3', 'EPB41L3', 'WBSCR17', 'CEP250', 'PTCHD2', 'SYNE1', 'LRP2', 'CYP4F22', 'CACNA1S', 'KIF1B', 'TPTE2', 'ABCA4', 'MSH6', 'ODZ3', 'PAN3', 'SIM2', 'GRHL3', 'KIF4B', 'RB1', 'BRPF3', 'GAK', 'TRIML1', 'RPGRIP1L', 'TERT', 'ITGAM', 'UBASH3A', 'FBN2', 'GPC4', 'PTPRS', 'NOTCH2', 'ANK1', 'BCL9', 'MAP3K15'])
UGGT1	set(['PTEN'])
OBSCN	set(['FLG2', 'IDH1', 'SOX2-OT(A),PIK3CA(A)', 'FAF1(D)', 'FRMPD4(D)'])
SCN11A	set(['PDGFRA(A)'])
ZNF318	set(['EGFR(A)', 'CDK4(A)'])
FRMPD4(D)	set(['OBSCN', 'USH2A', 'LRP1B(D)', 'PIK3CA', 'MDM2(A)', 'MDM4(A)', 'FAF1(D)', 'SPTA1', 'CDK4(A)', 'NF1', 'FLG', 'HYDIN'])
EPB41L3	set(['QKI(D),UTRN(D),ARID1B,TMEM242,ZDHHC14(D),PLG(D),RPS6KA2(D),SYNE1(D),PARK2(D)', 'CDK4(A)'])
MSH6	set(['QKI(D),UTRN(D),ARID1B,TMEM242,ZDHHC14(D),PLG(D),RPS6KA2(D),SYNE1(D),PARK2(D)', 'CDKN2A(D)'])
SCN9A	set(['CDKN2A(D)', 'FAF1(D)'])
MEGF8	set(['PTEN(D)', 'FAF1(D)'])
FAM83H	set(['RB1(D)'])
NLRP11	set(['PTEN'])
CDK4(A)	set(['ZDBF2', 'COL11A2', 'ABP1', 'SBF1', 'PRPF8', 'FBLN2', 'ADAMTS3', 'ESPL1', 'LINC00478(A)', 'MIR4710,INF2,ADSSL1,SIVA1,AKT1,ZBTB42(A)', 'MYT1', 'MICALCL', 'SP1', 'ZNF208', 'SETD2', 'UBR4', 'PTPN11', 'GPR112', 'RPL5,FAM69A,SNORA66(D)', 'RRP1B', 'DOCK5', 'CHL1', 'PLXNB2', 'PLXNB3', 'LRRK1', 'CABIN1', 'FRMPD4(D)', 'AHNAK', 'AFF2', 'GUCY1A3', 'NF1', 'PLCB2', 'PLCB3', 'STAG2', 'MC3R', 'ITGAX', 'SH3TC1', 'COL22A1', 'HOOK1', 'ATP6V0A4', 'FLNA', 'FLNC', 'CREBBP', 'MYOM3', 'SCN7A', 'TEX15', 'AMPD1', 'NEB', 'ZFHX3', 'ZNF831', 'ALS2CR11', 'CIITA', 'VAV2(D)', 'LYST', 'PTPRD', 'DNAH2', 'EPB41L3', 'RIMBP2', 'CELSR1', 'MAST2', 'NF1,RAB11FIP4(D)', 'BCOR', 'SYNE2', 'SLC27A2', 'CYP4F22', 'TPTE2', 'C7', 'ABCA4', 'HTR3A', 'SLITRK2', 'ZNF318', 'BIRC6', 'EGFR', 'PLCG2', 'NLRP12', 'DSCAM', 'FRRS1', 'UBASH3A', 'PLEKHG4B', 'KIF4B', 'RB1', 'LRP1B', 'CDKN2A(D)', 'HOMER1', 'ECEL1', 'ULK2', 'CCDC45', 'NLGN4X', 'FBN2', 'FAF1(D)', 'TNN', 'COL14A1', 'NOTCH2', 'SPHKAP', 'C9orf150'])
ODZ1	set(['RB1(D)'])
TMEM132D	set(['TP53(D)', 'PTEN(D)', 'MDM4(A)'])
SMARCA1	set(['PTEN(D)', 'PDGFRA(A)'])
SMARCA4	set(['CDKN2A(D)', 'EGFR(A)'])
RERE	set(['CDKN2A(D)', 'EGFR(A)'])
ARAP3	set(['PTEN'])
RIMBP2	set(['EGFR(A)', 'CDK4(A)'])
CAND1	set(['EGFR(A)'])
ACRC	set(['CDKN2A(D)'])
RB1	set(['ARID2(D)', 'FAF1(D)', 'CDKN2A(D)', 'PDPN,PRDM2(A)', 'CDK4(A)', 'QKI(D),UTRN(D),ARID1B,TMEM242,ZDHHC14(D),PLG(D),RPS6KA2(D),SYNE1(D),PARK2(D)', 'EGFR(A)'])
LRP1B	set(['PTEN', 'MDM4(A)', 'CDK4(A)'])
DUOX2	set(['PDGFRA(A)'])
NFKBIL2	set(['CDKN2A(D)', 'EGFR(A)'])
ABCB4	set(['PTEN(D)', 'MDM4(A)'])
CRYBA2	set(['PDGFRA(A)'])
DGKD	set(['CDKN2A(D)'])
ABCC9	set(['FAF1(D)'])
ULK2	set(['CDK4(A)'])
SLC13A3	set(['PTEN'])
SLBP,TMEM129,TACC3,FGFR3,LETM1,WHSC1,SCARNA22(A)	set(['TP53(D)'])
ATP10B	set(['CDKN2A(D)', 'EGFR(A)'])
HOOK1	set(['CDKN2A(D)', 'CDK4(A)', 'PDGFRA(A)'])
CROCC	set(['CDKN2A(D)', 'FAF1(D)', 'PDGFRA(A)'])
DNMT3L	set(['CDKN2A(D)'])
GPC4	set(['QKI(D),UTRN(D),ARID1B,TMEM242,ZDHHC14(D),PLG(D),RPS6KA2(D),SYNE1(D),PARK2(D)'])
COL24A1	set(['EGFR(A)'])
TNN	set(['CDK4(A)'])
PTPRT	set(['RB1(D)'])
MYH7B	set(['EGFR(A)', 'PTEN(D)', 'MDM4(A)'])
LRRK2	set(['PDGFRA(A)', 'PTEN(D)', 'CDKN2A(D)', 'RB1(D)', 'QKI(D),UTRN(D),ARID1B,TMEM242,ZDHHC14(D),PLG(D),RPS6KA2(D),SYNE1(D),PARK2(D)', 'EGFR(A)'])
BBS1	set(['EGFR(A)'])
PREX1	set(['PTEN'])
COL14A1	set(['CDK4(A)'])
NOTCH2	set(['PTEN', 'CDKN2A(D)', 'CDK4(A)', 'QKI(D),UTRN(D),ARID1B,TMEM242,ZDHHC14(D),PLG(D),RPS6KA2(D),SYNE1(D),PARK2(D)'])
NOTCH3	set(['CDKN2A(D)', 'EGFR(A)'])
PTPRD	set(['PTEN', 'CDK4(A)'])
BRAF	set(['EGFR(A)', 'PTEN(D)'])
SRCRB4D	set(['CDKN2A(D)', 'EGFR(A)'])
AHNAK2	set(['SOX2-OT(A),PIK3CA(A)'])
KIAA1409	set(['CDKN2A(D)'])
PTCH1	set(['EGFR(A)', 'PTEN(D)'])
HEATR7B2	set(['LRP1B(D)', 'PTEN', 'MDM2(A)', 'PTEN(D)'])
